{
  "metrics": {
    "http_req_tls_handshaking": {
      "type": "trend",
      "contains": "time",
      "values": {
        "avg": 0,
        "min": 0,
        "med": 0,
        "max": 0,
        "p(90)": 0,
        "p(95)": 0
      }
    },
    "run_duration_successful": {
      "contains": "time",
      "values": {
        "avg": 149359.90683229815,
        "min": 27700,
        "med": 151889,
        "max": 186438,
        "p(90)": 161896,
        "p(95)": 165811
      },
      "type": "trend"
    },
    "http_req_blocked": {
      "contains": "time",
      "values": {
        "min": 0.001953,
        "med": 0.164181,
        "max": 17.034469,
        "p(90)": 0.34655820000000004,
        "p(95)": 0.39144649999999986,
        "avg": 0.16603572434266317
      },
      "type": "trend"
    },
    "http_req_connecting": {
      "type": "trend",
      "contains": "time",
      "values": {
        "avg": 0.13188934011874462,
        "min": 0,
        "med": 0.122879,
        "max": 16.969296,
        "p(90)": 0.2843352,
        "p(95)": 0.3249005
      }
    },
    "http_req_duration{expected_response:true}": {
      "contains": "time",
      "values": {
        "p(90)": 158160.796782,
        "p(95)": 161487.918571,
        "avg": 64841.167052366574,
        "min": 8.776675,
        "med": 93.014671,
        "max": 186437.689388
      },
      "type": "trend"
    },
    "total_retries": {
      "type": "counter",
      "contains": "default",
      "values": {
        "count": 617,
        "rate": 0.017151892748917794
      }
    },
    "vus": {
      "type": "gauge",
      "contains": "default",
      "values": {
        "max": 70,
        "value": 59,
        "min": 59
      }
    },
    "retry_due_to_too_many_requests": {
      "type": "counter",
      "contains": "default",
      "values": {
        "count": 607,
        "rate": 0.016873904211658186
      }
    },
    "vus_max": {
      "type": "gauge",
      "contains": "default",
      "values": {
        "max": 70,
        "value": 70,
        "min": 70
      }
    },
    "group_duration": {
      "type": "trend",
      "contains": "time",
      "values": {
        "med": 185365.409322,
        "max": 2042227.428626,
        "p(90)": 877240.5846158001,
        "p(95)": 1190065.0860096,
        "avg": 310443.1500875503,
        "min": 3.512107
      }
    },
    "retry_due_to_timeout": {
      "values": {
        "count": 10,
        "rate": 0.0002779885372596077
      },
      "type": "counter",
      "contains": "default"
    },
    "successful_run_rate": {
      "type": "rate",
      "contains": "default",
      "values": {
        "rate": 0.18192090395480226,
        "passes": 161,
        "fails": 724
      }
    },
    "check_high_coverage": {
      "contains": "default",
      "values": {
        "count": 161,
        "rate": 0.0044756154498796835
      },
      "type": "counter"
    },
    "http_req_waiting": {
      "type": "trend",
      "contains": "time",
      "values": {
        "med": 3909.222102,
        "max": 34000662.539467,
        "p(90)": 147838.838794,
        "p(95)": 157190.0223164,
        "avg": 311505.30548865313,
        "min": 2.361336
      }
    },
    "failed_run_due_to_too_many_requests_rate": {
      "values": {
        "passes": 1214,
        "fails": 0,
        "rate": 1
      },
      "type": "rate",
      "contains": "default"
    },
    "data_sent": {
      "type": "counter",
      "contains": "data",
      "values": {
        "rate": 109.79146159526715,
        "count": 3949496
      }
    },
    "iterations": {
      "type": "counter",
      "contains": "default",
      "values": {
        "count": 11,
        "rate": 0.00030578739098556843
      }
    },
    "http_req_sending": {
      "contains": "time",
      "values": {
        "avg": 0.09537179983036473,
        "min": 0.008063,
        "med": 0.101657,
        "max": 0.351493,
        "p(90)": 0.14683580000000002,
        "p(95)": 0.16241039999999982
      },
      "type": "trend"
    },
    "successful_run_count": {
      "type": "counter",
      "contains": "default",
      "values": {
        "count": 161,
        "rate": 0.0044756154498796835
      }
    },
    "successful_run_rate_after_retries": {
      "type": "rate",
      "contains": "default",
      "values": {
        "rate": 0.32298136645962733,
        "passes": 52,
        "fails": 109
      }
    },
    "iteration_duration": {
      "values": {
        "min": 2077116.035841,
        "med": 2086373.084461,
        "max": 2104038.543656,
        "p(90)": 2099906.509484,
        "p(95)": 2101972.5265699998,
        "avg": 2090031.9505523636
      },
      "type": "trend",
      "contains": "time"
    },
    "run_duration_failure": {
      "type": "trend",
      "contains": "time",
      "values": {
        "avg": 556253.0972447325,
        "min": 14,
        "med": 4974,
        "max": 34000663,
        "p(90)": 13573.8,
        "p(95)": 15333.799999999997
      }
    },
    "http_reqs": {
      "type": "counter",
      "contains": "default",
      "values": {
        "count": 1179,
        "rate": 0.03277484854290774
      }
    },
    "http_req_failed": {
      "type": "rate",
      "contains": "default",
      "values": {
        "rate": 0.6853265479219678,
        "passes": 808,
        "fails": 371
      }
    },
    "failed_run_due_to_gateway_timeout_rate": {
      "contains": "default",
      "values": {
        "rate": 0.03189792663476874,
        "passes": 20,
        "fails": 607
      },
      "type": "rate"
    },
    "data_received": {
      "type": "counter",
      "contains": "data",
      "values": {
        "count": 7828515,
        "rate": 217.62374337648976
      }
    },
    "delay_between_retry": {
      "type": "trend",
      "contains": "time",
      "values": {
        "avg": 195458.72854330475,
        "min": 60023.0254622193,
        "med": 149919.3370686973,
        "max": 509526.1774434948,
        "p(90)": 368925.01627099316,
        "p(95)": 440977.5150573184
      }
    },
    "checks": {
      "contains": "default",
      "values": {
        "rate": 0.9555555555555556,
        "passes": 301,
        "fails": 14
      },
      "type": "rate"
    },
    "run_duration": {
      "contains": "time",
      "values": {
        "min": 2,
        "med": 5376,
        "max": 34000663,
        "p(90)": 152210,
        "p(95)": 158948.19999999998,
        "avg": 414978.402259887
      },
      "type": "trend"
    },
    "total_failed_run_rate": {
      "type": "rate",
      "contains": "default",
      "values": {
        "rate": 0.8180790960451978,
        "passes": 724,
        "fails": 161
      }
    },
    "failed_run_count_total": {
      "type": "counter",
      "contains": "default",
      "values": {
        "count": 107,
        "rate": 0.002974477348677802
      }
    },
    "http_req_receiving": {
      "type": "trend",
      "contains": "time",
      "values": {
        "avg": 0.26293189397794764,
        "min": 0.022178,
        "med": 0.099364,
        "max": 3.688685,
        "p(90)": 0.5831722,
        "p(95)": 0.9342298999999974
      }
    },
    "run_duration_successful_with_retry": {
      "type": "trend",
      "contains": "time",
      "values": {
        "avg": 578052.2935779816,
        "min": 200865,
        "med": 389038,
        "max": 2007401,
        "p(90)": 1150890.2,
        "p(95)": 1516212.5999999999
      }
    },
    "run_retry_count": {
      "values": {
        "avg": 1.8012422360248448,
        "min": 0,
        "med": 1,
        "max": 7,
        "p(90)": 5,
        "p(95)": 5
      },
      "type": "trend",
      "contains": "default"
    },
    "http_req_duration": {
      "type": "trend",
      "contains": "time",
      "values": {
        "p(95)": 157190.45260299998,
        "avg": 311505.66379234684,
        "min": 2.433132,
        "med": 3909.404033,
        "max": 34000662.712944,
        "p(90)": 147839.31272780002
      }
    }
  },